Workbook

Sheet AAPL
A1: Date | B1: Open | C1: High | D1: Low | E1: Close | F1: Adj Close | G1: Daily Return | H1: Volume | I1: Ticker
A2: 44929 | B2: 130.28 | C2: 130.89999 | D2: 124.17 | E2: 125.07 | F2: 123.63252 | G2: =IFERROR((F3-F2)/F2,"") -> 0.010314252 | H2: 112117500 | I2: AAPL
A3: 44930 | B3: 126.89 | C3: 128.66 | D3: 125.08 | E3: 126.36 | F3: 124.9077 | G3: =IFERROR((F4-F3)/F3,"") -> -0.010604693 | H3: 89113600 | I3: AAPL
A4: 44931 | B4: 127.13 | C4: 127.77 | D4: 124.76 | E4: 125.02 | F4: 123.58309 | G4: =IFERROR((F5-F4)/F4,"") -> 0.036794085 | H4: 80962700 | I4: AAPL | K4: Annual Return | L4: =AVERAGE(G2:G1699)*252 -> -0.22970188
A5: 44932 | B5: 126.01 | C5: 130.28999 | D5: 124.89 | E5: 129.62 | F5: 128.13022 | G5: =IFERROR((F6-F5)/F5,"") -> 0.0040890103 | H5: 87754700 | I5: AAPL | K5: Annual Voltality | L5: =_xlfn.STDEV.P(G2:G1699)*SQRT(252) -> 0.7076741
A6: 44935 | B6: 130.47 | C6: 133.41 | D6: 129.89 | E6: 130.14999 | F6: 128.65414 | G6: =IFERROR((F7-F6)/F6,"") -> 0.0044563954 | H6: 70790800 | I6: AAPL
A7: 44936 | B7: 130.25999 | C7: 131.25999 | D7: 128.12 | E7: 130.73 | F7: 129.22748 | G7: =IFERROR((F8-F7)/F7,"") -> 0.02111228 | H7: 63896200 | I7: AAPL
A8: 44937 | B8: 131.25 | C8: 133.50999 | D8: 130.46001 | E8: 133.49001 | F8: 131.95576 | G8: =IFERROR((F9-F8)/F8,"") -> -0.00059910824 | H8: 69458900 | I8: AAPL
A9: 44938 | B9: 133.88 | C9: 134.25999 | D9: 131.44 | E9: 133.41 | F9: 131.87671 | G9: =IFERROR((F10-F9)/F9,"") -> 0.010118977 | H9: 71379600 | I9: AAPL
A10: 44939 | B10: 132.03 | C10: 134.92 | D10: 131.66 | E10: 134.75999 | F10: 133.21117 | G10: =IFERROR((F11-F10)/F10,"") -> 0.0087561155 | H10: 57809700 | I10: AAPL
A11: 44943 | B11: 134.83 | C11: 137.28999 | D11: 134.13 | E11: 135.94 | F11: 134.37758 | G11: =IFERROR((F12-F11)/F11,"") -> -0.0053699687 | H11: 63646600 | I11: AAPL
A12: 44944 | B12: 136.82001 | C12: 138.61 | D12: 135.03 | E12: 135.21001 | F12: 133.65598 | G12: =IFERROR((F13-F12)/F12,"") -> 0.00044375804 | H12: 69672800 | I12: AAPL
A13: 44945 | B13: 134.08 | C13: 136.25 | D13: 133.77 | E13: 135.27 | F13: 133.71529 | G13: =IFERROR((F14-F13)/F13,"") -> 0.019220909 | H13: 58280400 | I13: AAPL
A14: 44946 | B14: 135.28 | C14: 138.02 | D14: 134.22 | E14: 137.87 | F14: 136.28542 | G14: =IFERROR((F15-F14)/F14,"") -> 0.02350049 | H14: 80223600 | I14: AAPL
A15: 44949 | B15: 138.12 | C15: 143.32001 | D15: 137.89999 | E15: 141.11 | F15: 139.48819 | G15: =IFERROR((F16-F15)/F15,"") -> 0.010063012 | H15: 81760300 | I15: AAPL
A16: 44950 | B16: 140.31 | C16: 143.16 | D16: 140.3 | E16: 142.53 | F16: 140.89186 | G16: =IFERROR((F17-F16)/F16,"") -> -0.004700715 | H16: 66435100 | I16: AAPL
A17: 44951 | B17: 140.89 | C17: 142.42999 | D17: 138.81 | E17: 141.86 | F17: 140.22957 | G17: =IFERROR((F18-F17)/F17,"") -> 0.014803345 | H17: 65799300 | I17: AAPL
... A567: 45751 | B567: 193.89 | C567: 199.88 | D567: 187.34 | E567: 188.38 | F567: 188.38 | G567: =IFERROR((F568-F567)/F567,"") -> -1 | H567: 125569000 | I567: AAPL

Sheet MSFT
A1: Date | B1: Open | C1: High | D1: Low | E1: Close | F1: Adj Close | G1: Daily Return | H1: Volume | I1: Ticker
A2: 44929 | B2: 243.08 | C2: 245.75 | D2: 237.39999 | E2: 239.58 | F2: 235.24002 | G2: =IFERROR((F3-F2)/F2,"") -> -0.043743242 | H2: 25740000 | I2: MSFT
A3: 44930 | B3: 232.28 | C3: 232.87 | D3: 225.96001 | E3: 229.10001 | F3: 224.94986 | G3: =IFERROR((F4-F3)/F3,"") -> -0.029637681 | H3: 50623400 | I3: MSFT
A4: 44931 | B4: 227.2 | C4: 227.55 | D4: 221.75999 | E4: 222.31 | F4: 218.28287 | G4: =IFERROR((F5-F4)/F4,"") -> 0.011785421 | H4: 39585600 | I4: MSFT | K4: Annual Return | L4: =AVERAGE(G2:G1699)*252 -> -0.22914232
A5: 44932 | B5: 223 | C5: 225.75999 | D5: 219.35001 | E5: 224.92999 | F5: 220.85542 | G5: =IFERROR((F6-F5)/F5,"") -> 0.0097363676 | H5: 43613600 | I5: MSFT | K5: Annual Voltality | L5: =_xlfn.STDEV.P(G2:G1699)*SQRT(252) -> 0.70619557
A6: 44935 | B6: 226.45 | C6: 231.24001 | D6: 226.41 | E6: 227.12 | F6: 223.00575 | G6: =IFERROR((F7-F6)/F6,"") -> 0.0076171552 | H6: 27369800 | I6: MSFT
A7: 44936 | B7: 227.75999 | C7: 231.31 | D7: 227.33 | E7: 228.85001 | F7: 224.70442 | G7: =IFERROR((F8-F7)/F7,"") -> 0.03023802 | H7: 27033900 | I7: MSFT
A8: 44937 | B8: 231.28999 | C8: 235.95 | D8: 231.11 | E8: 235.77 | F8: 231.49904 | G8: =IFERROR((F9-F8)/F8,"") -> 0.011621445 | H8: 28669300 | I8: MSFT
A9: 44938 | B9: 235.25999 | C9: 239.89999 | D9: 233.56 | E9: 238.50999 | F9: 234.18939 | G9: =IFERROR((F10-F9)/F9,"") -> 0.0030187318 | H9: 27269500 | I9: MSFT
A10: 44939 | B10: 237 | C10: 239.37 | D10: 234.92 | E10: 239.23 | F10: 234.89635 | G10: =IFERROR((F11-F10)/F10,"") -> 0.0046817733 | H10: 21333300 | I10: MSFT
A11: 44943 | B11: 237.97 | C11: 240.91 | D11: 237.09 | E11: 240.35001 | F11: 235.99608 | G11: =IFERROR((F12-F11)/F11,"") -> -0.018889143 | H11: 29831300 | I11: MSFT
A12: 44944 | B12: 241.57001 | C12: 242.38 | D12: 235.52 | E12: 235.81 | F12: 231.53831 | G12: =IFERROR((F13-F12)/F12,"") -> -0.016453897 | H12: 30028700 | I12: MSFT
A13: 44945 | B13: 233.78 | C13: 235.52 | D13: 230.67999 | E13: 231.92999 | F13: 227.72861 | G13: =IFERROR((F14-F13)/F13,"") -> 0.035743495 | H13: 28623000 | I13: MSFT
A14: 44946 | B14: 234.86 | C14: 240.74001 | D14: 234.50999 | E14: 240.22 | F14: 235.86842 | G14: =IFERROR((F15-F14)/F14,"") -> 0.0098243788 | H14: 35389800 | I14: MSFT
A15: 44949 | B15: 241.10001 | C15: 245.17 | D15: 239.64999 | E15: 242.58 | F15: 238.18568 | G15: =IFERROR((F16-F15)/F15,"") -> -0.0022261105 | H15: 31934000 | I15: MSFT
A16: 44950 | B16: 242.5 | C16: 243.95 | D16: 240.44 | E16: 242.03999 | F16: 237.65546 | G16: =IFERROR((F17-F16)/F16,"") -> -0.0059080623 | H16: 40234400 | I16: MSFT
A17: 44951 | B17: 234.48 | C17: 243.3 | D17: 230.89999 | E17: 240.61 | F17: 236.25137 | G17: =IFERROR((F18-F17)/F17,"") -> 0.030713552 | H17: 66526600 | I17: MSFT
... A567: 45751 | B567: 364.13 | C567: 374.59 | D567: 359.48001 | E567: 359.84 | F567: 359.84 | G567: =IFERROR((F568-F567)/F567,"") -> -1 | H567: 49138700 | I567: MSFT

Sheet ^GSPC
A1: Date | B1: Open | C1: High | D1: Low | E1: Close | F1: Adj Close | G1: Daily Return | H1: Volume | I1: Ticker
A2: 44929 | B2: 3853.29 | C2: 3878.46 | D2: 3794.3301 | E2: 3824.1399 | F2: 3824.1399 | G2: =IFERROR((F3-F2)/F2,"") -> 0.0075389706 | H2: 3959140000 | I2: ^GSPC
A3: 44930 | B3: 3840.3601 | C3: 3873.1599 | D3: 3815.77 | E3: 3852.97 | F3: 3852.97 | G3: =IFERROR((F4-F3)/F3,"") -> -0.011645529 | H3: 4414080000 | I3: ^GSPC
A4: 44931 | B4: 3839.74 | C4: 3839.74 | D4: 3802.4199 | E4: 3808.1001 | F4: 3808.1001 | G4: =IFERROR((F5-F4)/F4,"") -> 0.022840781 | H4: 3893450000 | I4: ^GSPC | K4: Annual Return | L4: =AVERAGE(G2:G1699)*252 -> -0.30912261
A5: 44932 | B5: 3823.3701 | C5: 3906.1899 | D5: 3809.5601 | E5: 3895.0801 | F5: 3895.0801 | G5: =IFERROR((F6-F5)/F5,"") -> -0.00076763255 | H5: 3923560000 | I5: ^GSPC | K5: Annual Voltality | L5: =_xlfn.STDEV.P(G2:G1699)*SQRT(252) -> 0.68200195
A6: 44935 | B6: 3910.8201 | C6: 3950.5701 | D6: 3890.4199 | E6: 3892.0901 | F6: 3892.0901 | G6: =IFERROR((F7-F6)/F6,"") -> 0.0069782332 | H6: 4311770000 | I6: ^GSPC
A7: 44936 | B7: 3888.5701 | C7: 3919.8301 | D7: 3877.29 | E7: 3919.25 | F7: 3919.25 | G7: =IFERROR((F8-F7)/F7,"") -> 0.012849425 | H7: 3851030000 | I7: ^GSPC
A8: 44937 | B8: 3932.3501 | C8: 3970.0701 | D8: 3928.54 | E8: 3969.6101 | F8: 3969.6101 | G8: =IFERROR((F9-F8)/F8,"") -> 0.0034159059 | H8: 4303360000 | I8: ^GSPC
A9: 44938 | B9: 3977.5701 | C9: 3997.76 | D9: 3937.5601 | E9: 3983.1699 | F9: 3983.1699 | G9: =IFERROR((F10-F9)/F9,"") -> 0.0039968584 | H9: 4440260000 | I9: ^GSPC
A10: 44939 | B10: 3960.6001 | C10: 4003.95 | D10: 3947.6699 | E10: 3999.0901 | F10: 3999.0901 | G10: =IFERROR((F11-F10)/F10,"") -> -0.0020304912 | H10: 3939700000 | I10: ^GSPC
A11: 44943 | B11: 3999.28 | C11: 4015.3899 | D11: 3984.5701 | E11: 3990.97 | F11: 3990.97 | G11: =IFERROR((F12-F11)/F11,"") -> -0.015562599 | H11: 4235560000 | I11: ^GSPC
A12: 44944 | B12: 4002.25 | C12: 4014.1599 | D12: 3926.5901 | E12: 3928.8601 | F12: 3928.8601 | G12: =IFERROR((F13-F12)/F12,"") -> -0.0076383503 | H12: 4298710000 | I12: ^GSPC
A13: 44945 | B13: 3911.8401 | C13: 3922.9399 | D13: 3885.54 | E13: 3898.8501 | F13: 3898.8501 | G13: =IFERROR((F14-F13)/F13,"") -> 0.018918401 | H13: 3991500000 | I13: ^GSPC
A14: 44946 | B14: 3909.04 | C14: 3972.96 | D14: 3897.8601 | E14: 3972.6101 | F14: 3972.6101 | G14: =IFERROR((F15-F14)/F14,"") -> 0.011881345 | H14: 4013360000 | I14: ^GSPC
A15: 44949 | B15: 3978.1399 | C15: 4039.3101 | D15: 3971.6399 | E15: 4019.8101 | F15: 4019.8101 | G15: =IFERROR((F16-F15)/F15,"") -> -0.00071150313 | H15: 3945210000 | I15: ^GSPC
A16: 44950 | B16: 4001.74 | C16: 4023.9199 | D16: 3989.79 | E16: 4016.95 | F16: 4016.95 | G16: =IFERROR((F17-F16)/F16,"") -> -0.00018172506 | H16: 3320430000 | I16: ^GSPC
A17: 44951 | B17: 3982.71 | C17: 4019.55 | D17: 3949.0601 | E17: 4016.22 | F17: 4016.22 | G17: =IFERROR((F18-F17)/F17,"") -> 0.011007853 | H17: 3724020000 | I17: ^GSPC
... A567: 45751 | B567: 5292.1401 | C567: 5292.1401 | D567: 5069.8999 | E567: 5074.0801 | F567: 5074.0801 | G567: =IFERROR((F568-F567)/F567,"") -> -1 | H567: 8853500000 | I567: ^GSPC

Sheet Combined
A1: Date | B1: Open | C1: High | D1: Low | E1: Close | F1: Adj Close | G1: Volume | H1: Ticker
A2: 44929 | B2: 130.28 | C2: 130.89999 | D2: 124.17 | E2: 125.07 | F2: 123.63252 | G2: 112117500 | H2: AAPL
A3: 44930 | B3: 126.89 | C3: 128.66 | D3: 125.08 | E3: 126.36 | F3: 124.9077 | G3: 89113600 | H3: AAPL
A4: 44931 | B4: 127.13 | C4: 127.77 | D4: 124.76 | E4: 125.02 | F4: 123.58309 | G4: 80962700 | H4: AAPL
A5: 44932 | B5: 126.01 | C5: 130.28999 | D5: 124.89 | E5: 129.62 | F5: 128.13022 | G5: 87754700 | H5: AAPL
A6: 44935 | B6: 130.47 | C6: 133.41 | D6: 129.89 | E6: 130.14999 | F6: 128.65414 | G6: 70790800 | H6: AAPL
A7: 44936 | B7: 130.25999 | C7: 131.25999 | D7: 128.12 | E7: 130.73 | F7: 129.22748 | G7: 63896200 | H7: AAPL
A8: 44937 | B8: 131.25 | C8: 133.50999 | D8: 130.46001 | E8: 133.49001 | F8: 131.95576 | G8: 69458900 | H8: AAPL
A9: 44938 | B9: 133.88 | C9: 134.25999 | D9: 131.44 | E9: 133.41 | F9: 131.87671 | G9: 71379600 | H9: AAPL
A10: 44939 | B10: 132.03 | C10: 134.92 | D10: 131.66 | E10: 134.75999 | F10: 133.21117 | G10: 57809700 | H10: AAPL
A11: 44943 | B11: 134.83 | C11: 137.28999 | D11: 134.13 | E11: 135.94 | F11: 134.37758 | G11: 63646600 | H11: AAPL
A12: 44944 | B12: 136.82001 | C12: 138.61 | D12: 135.03 | E12: 135.21001 | F12: 133.65598 | G12: 69672800 | H12: AAPL
A13: 44945 | B13: 134.08 | C13: 136.25 | D13: 133.77 | E13: 135.27 | F13: 133.71529 | G13: 58280400 | H13: AAPL
... A1690: 45740 | B1690: 5718.0801 | C1690: 5775.1401 | D1690: 5718.0801 | E1690: 5767.5698 | F1690: 5767.5698 | G1690: 4517990000 | H1690: ^GSPC
A1691: 45741 | B1691: 5775.96 | C1691: 5786.9502 | D1691: 5760.4199 | E1691: 5776.6499 | F1691: 5776.6499 | G1691: 4467340000 | H1691: ^GSPC | I1691: Sum of Adj Close | J1691: Column Labels
A1692: 45742 | B1692: 5771.6602 | C1692: 5783.6201 | D1692: 5694.4102 | E1692: 5712.2002 | F1692: 5712.2002 | G1692: 4183140000 | H1692: ^GSPC | I1692: Row Labels | J1692: ^GSPC | K1692: AAPL | L1692: MSFT | M1692: Grand Total
A1693: 45743 | B1693: 5695.6401 | C1693: 5732.2798 | D1693: 5670.9399 | E1693: 5693.3101 | F1693: 5693.3101 | G1693: 4403460000 | H1693: ^GSPC | I1693: 2023 | J1693: 1070932.4 | K1693: 42773.47 | L1693: 77447.732 | M1693: 1191153.6
A1694: 45744 | B1694: 5679.2002 | C1694: 5685.8901 | D1694: 5572.4199 | E1694: 5580.9399 | F1694: 5580.9399 | G1694: 4513330000 | H1694: ^GSPC | I1694: 2024 | J1694: 1367915.2 | K1694: 52048.831 | L1694: 105312.68 | M1694: 1525276.8
A1695: 45747 | B1695: 5527.9102 | C1695: 5627.5601 | D1695: 5488.73 | E1695: 5611.8501 | F1695: 5611.8501 | G1695: 5257250000 | H1695: ^GSPC | I1695: 2025 | J1695: 375463.71 | K1695: 14732.49 | L1695: 25932.673 | M1695: 416128.87
A1696: 45748 | B1696: 5597.5298 | C1696: 5650.5698 | D1696: 5558.52 | E1696: 5633.0698 | F1696: 5633.0698 | G1696: 4434500000 | H1696: ^GSPC | I1696: Grand Total | J1696: 2814311.3 | K1696: 109554.79 | L1696: 208693.09 | M1696: 3132559.2
A1697: 45749 | B1697: 5580.7598 | C1697: 5695.3101 | D1697: 5571.48 | E1697: 5670.9702 | F1697: 5670.9702 | G1697: 4243830000 | H1697: ^GSPC
A1698: 45750 | B1698: 5492.7402 | C1698: 5499.5298 | D1698: 5390.8301 | E1698: 5396.52 | F1698: 5396.52 | G1698: 7210470000 | H1698: ^GSPC
A1699: 45751 | B1699: 5292.1401 | C1699: 5292.1401 | D1699: 5069.8999 | E1699: 5074.0801 | F1699: 5074.0801 | G1699: 8853500000 | H1699: ^GSPC

Sheet Annual Return vs Volatility
A1: Summary Table
A2: Column1 | B2: Annual Return | C2: Annual Voltality
A3: AAPL | B3: =AAPL!L4 -> -0.22970188 | C3: =AAPL!L5 -> 0.7076741
A4: MSFT | B4: =MSFT!L4 -> -0.22914232 | C4: =MSFT!L5 -> 0.70619557
A5: S&P500 | B5: ='^GSPC'!L4 -> -0.30912261 | C5: ='^GSPC'!L5 -> 0.68200195

Sheet Risk vs Return Comparison
A1: Ticker | B1: Annual Return (%) | C1: Annual Volatility (%)
A2: AAPL | B2: -22.97 | C2: 70.77
A3: MSFT | B3: -22.91 | C3: 70.62
A4: S&P500 | B4: -30.91 | C4: 68.2

Sheet Beta & R2 calculation
A1: Date | B1: AAPL Daily Return | C1: MSFT Daily Return | D1: ^GSPC Daily Return | E1: Year
A2: 44929 | B2: =AAPL!G2 -> 0.010314252 | C2: =MSFT!G2 -> -0.043743242 | D2: ='^GSPC'!G2 -> 0.0075389706 | E2: =YEAR(A2) -> 2023
A3: 44930 | B3: =AAPL!G3 -> -0.010604693 | C3: =MSFT!G3 -> -0.029637681 | D3: ='^GSPC'!G3 -> -0.011645529 | E3: =YEAR(A3) -> 2023
A4: 44931 | B4: =AAPL!G4 -> 0.036794085 | C4: =MSFT!G4 -> 0.011785421 | D4: ='^GSPC'!G4 -> 0.022840781 | E4: =YEAR(A4) -> 2023
A5: 44932 | B5: =AAPL!G5 -> 0.0040890103 | C5: =MSFT!G5 -> 0.0097363676 | D5: ='^GSPC'!G5 -> -0.00076763255 | E5: =YEAR(A5) -> 2023
A6: 44935 | B6: =AAPL!G6 -> 0.0044563954 | C6: =MSFT!G6 -> 0.0076171552 | D6: ='^GSPC'!G6 -> 0.0069782332 | E6: =YEAR(A6) -> 2023
A7: 44936 | B7: =AAPL!G7 -> 0.02111228 | C7: =MSFT!G7 -> 0.03023802 | D7: ='^GSPC'!G7 -> 0.012849425 | E7: =YEAR(A7) -> 2023
A8: 44937 | B8: =AAPL!G8 -> -0.00059910824 | C8: =MSFT!G8 -> 0.011621445 | D8: ='^GSPC'!G8 -> 0.0034159059 | E8: =YEAR(A8) -> 2023
A9: 44938 | B9: =AAPL!G9 -> 0.010118977 | C9: =MSFT!G9 -> 0.0030187318 | D9: ='^GSPC'!G9 -> 0.0039968584 | E9: =YEAR(A9) -> 2023
A10: 44939 | B10: =AAPL!G10 -> 0.0087561155 | C10: =MSFT!G10 -> 0.0046817733 | D10: ='^GSPC'!G10 -> -0.0020304912 | E10: =YEAR(A10) -> 2023
A11: 44943 | B11: =AAPL!G11 -> -0.0053699687 | C11: =MSFT!G11 -> -0.018889143 | D11: ='^GSPC'!G11 -> -0.015562599 | E11: =YEAR(A11) -> 2023
A12: 44944 | B12: =AAPL!G12 -> 0.00044375804 | C12: =MSFT!G12 -> -0.016453897 | D12: ='^GSPC'!G12 -> -0.0076383503 | E12: =YEAR(A12) -> 2023
A13: 44945 | B13: =AAPL!G13 -> 0.019220909 | C13: =MSFT!G13 -> 0.035743495 | D13: ='^GSPC'!G13 -> 0.018918401 | E13: =YEAR(A13) -> 2023
... A567: 45751 | B567: =AAPL!G567 -> -1 | C567: =MSFT!G567 -> -1 | D567: ='^GSPC'!G567 -> -1 | E567: =YEAR(A567) -> 2025
A571: Beta | B571: =SLOPE(B2:B567, D2:D567) -> 1.0039341 | C571: =SLOPE(C2:C567, D2:D567) -> 1.0038491
A572: R2 | B572: =RSQ(B2:B567, D2:D567) -> 0.93608439 | C572: =RSQ(C2:C567, D2:D567) -> 0.93984901
A1691: Sum of Adj Close | B1691: Column Labels
A1692: Row Labels | B1692: ^GSPC | C1692: AAPL | D1692: MSFT | E1692: Grand Total
A1693: 2023 | B1693: 1070932.4 | C1693: 42773.47 | D1693: 77447.732 | E1693: 1191153.6
A1694: 2024 | B1694: 1367915.2 | C1694: 52048.831 | D1694: 105312.68 | E1694: 1525276.8
A1695: 2025 | B1695: 375463.71 | C1695: 14732.49 | D1695: 25932.673 | E1695: 416128.87
A1696: Grand Total | B1696: 2814311.3 | C1696: 109554.79 | D1696: 208693.09 | E1696: 3132559.2

Sheet Correlation Table
B1: AAPL | C1: MSFT | D1: ^GSPC
A2: AAPL | B2: 1 | C2: 0.94678 | D2: 0.967514
A3: MSFT | B3: 0.94678034 | C3: 1 | D3: 0.970638
A4: ^GSPC | B4: 0.96751354 | C4: 0.97063822 | D4: 1

Sheet DailyReturn pivot per year
A3: Row Labels | B3: Average of AAPL Daily Return | C3: Average of MSFT Daily Return | D3: Average of ^GSPC Daily Return | E3: Min of AAPL Daily Return | F3: Min of MSFT Daily Return | G3: Min of ^GSPC Daily Return | H3: Max of AAPL Daily Return | I3: Max of MSFT Daily Return | J3: Max of ^GSPC Daily Return | K3: StdDev of AAPL Daily Return | L3: StdDev of MSFT Daily Return | M3: StdDev of ^GSPC Daily Return
A4: 2023 | B4: 0.001684441 | C4: 0.0019087799 | D4: 0.00089546077 | E4: -0.048020106 | F4: -0.043743242 | G4: -0.020041234 | H4: 0.046927069 | I4: 0.072434574 | J4: 0.022840781 | K4: 0.012768441 | L4: 0.015823792 | M4: 0.0082523537
A5: 2024 | B5: 0.0012022364 | C5: 0.00058893363 | D5: 0.00087711135 | E5: -0.048166983 | F5: -0.060527573 | G5: -0.029968798 | H5: 0.072649202 | I5: 0.026599408 | J5: 0.025295928 | K5: 0.014201351 | L5: 0.012550973 | M5: 0.0079603502
A6: 2025 | B6: -0.019374868 | C6: -0.017816675 | D6: -0.017799945 | E6: -1 | F6: -1 | G6: -1 | H6: 0.036543998 | I6: 0.041306959 | J6: 0.021265869 | K6: 0.12655221 | L6: 0.12582366 | M6: 0.12548361
A7: Grand Total | B7: -0.00091151541 | C7: -0.00090929493 | D7: -0.001226677 | E7: -1 | F7: -1 | G7: -1 | H7: 0.072649202 | I7: 0.072434574 | J7: 0.025295928 | K7: 0.044618712 | L7: 0.04452549 | M7: 0.043000088
